"character_id","character_name","skill_name","cooldown","selection_kind","target_description","range_rule","required_inputs","effect_summary","duration","current_implementation","needs_confirmation","manual_scope","source_ability","source_commit","source_url","implementation_reference","shared_flow_policy"
"8","レン","子供の特権","3","単体指定","キャラクター1名","明記なし","対象ID・陣営・現在HP・最大HP・シールド・反撃残回数","ジュジュシールド付与、反撃1回。味方HP50%以下なら自身にもシールド","次の被ダメージ／反撃1回","CTのみ","自分を選べるか、敵も選べるか、シールド重複と消費順","カード操作は手動","スキル - 子供の特権［CT 3］
キャラクターを指定し、カードを1枚引かせジュジュシールドを付与する。
※ジュジュシールド効果：次に受けるダメージ-99

パッシブスキル - ジュジュさん、助けて！
味方にスキルを使った時、目標のHPが50%以下の場合、自身もカードを引き、ジュジュシールドを得る。
ジュジュシールドをキャラクターに与えたとき、反撃効果（1回）も与える。","ced11ad3bc688a90858db43e6a3dae8a0a55ad7d","https://github.com/Kanoton/damage-calculator/blob/ced11ad3bc688a90858db43e6a3dae8a0a55ad7d/csv/character_skills.csv","07_skill/js/character.js;07_skill/js/character-ability-rules.js;07_skill/js/map.js","手動対象選択。範囲自動判定なし。対象確定までCT/効果変更なし。キャンセルは無変更。単体／複数／通過を区別。"
"11","ルル","癒しの粘液","3","単体指定＋周辺モンスター","キャラクター1名","対象から4マス以内の全モンスター","対象ID・ヒール数・影響モンスターID一覧","ヒール+3、周辺モンスターの次の行動の移動力-3","次の行動まで","CTのみ","自分／敵の選択可否、ヒール上限・重複、次の行動効果の消費","範囲は手動指定","スキル - 癒しの粘液［CT 3］
キャラクターを指定し、【ヒール】を3スタック付与する。
対象から4マス以内にいる全モンスターの次の行動時の移動力を-3する。

パッシブスキル - 細胞分裂
ダメージを受けた後、【ヒール】+1スタック、CT-1。
ターン終了時に【ヒール】を2スタック失うごとに3マス以内のランダムな位置へ【ミニスライム】を1個生成する。最大2個。
キャラクターが【ミニスライム】を通過するとそれを消費し、HP+1と【ヒール】+1スタックを得る。","ced11ad3bc688a90858db43e6a3dae8a0a55ad7d","https://github.com/Kanoton/damage-calculator/blob/ced11ad3bc688a90858db43e6a3dae8a0a55ad7d/csv/character_skills.csv","07_skill/js/character.js;07_skill/js/character-ability-rules.js;07_skill/js/map.js","手動対象選択。範囲自動判定なし。対象確定までCT/効果変更なし。キャンセルは無変更。単体／複数／通過を区別。"
"20","ユメ","白沢よ、福を与えよ","3","単体指定（対象種別未確定）","ターゲット","明記なし","対象ID・過剰治療量・効果期限","余分の治療量を攻撃力へ変換","1ターン","CTのみ","対象の種別、変換係数・丸め、累積、期限の基準","カード操作は手動","スキル - 白沢よ、福を与えよ［CT 3］
白沢よ、福を与えよを使用時に、ターゲットに1ターンの間、余分の治療量を攻撃力に変換を与え、符カード-福を1枚手札に加える、手札にある全ての符カード-禍を符カード-福に転換。

パッシブスキル - 禍福倚伏
ダイスの出目が1の場合、符カード-禍1枚手に入る、ダイスの出目が6の場合、符カード-福1枚手に入る。

パッシブスキル - お手伝い完璧
ヒメに符カード-福を使った時、ヒメのエネルギー保存が発動。","ced11ad3bc688a90858db43e6a3dae8a0a55ad7d","https://github.com/Kanoton/damage-calculator/blob/ced11ad3bc688a90858db43e6a3dae8a0a55ad7d/csv/character_skills.csv","07_skill/js/character.js;07_skill/js/character-ability-rules.js;07_skill/js/map.js","手動対象選択。範囲自動判定なし。対象確定までCT/効果変更なし。キャンセルは無変更。単体／複数／通過を区別。"
"21","アル","強者の機欄","3","単体指定","キャラクター1名","明記なし","対象ID・陣営・渡すカード数1～3・双方のスターライト","他キャラクターへカードを与えたとき双方スターライト+1","スターライトは期限記載なし","CTのみ、自己スターライト補正あり","自分／敵の選択可否、1回かカード枚数ごとの加算か","手札とスターコインは手動","スキル - 強者の機欄［CT 3］
キャラクターを指定し、1～3枚のカードを与え、与えた枚数と同量の「スターコイン」を獲得。

パッシブスキル - ウィンウィン
他キャラクターにカードを与える時、双方にスターライト+1。
自身のスターライトが6スタック毎に攻撃力+1、防御力+1。","ced11ad3bc688a90858db43e6a3dae8a0a55ad7d","https://github.com/Kanoton/damage-calculator/blob/ced11ad3bc688a90858db43e6a3dae8a0a55ad7d/csv/character_skills.csv","07_skill/js/character.js;07_skill/js/character-ability-rules.js;07_skill/js/map.js","手動対象選択。範囲自動判定なし。対象確定までCT/効果変更なし。キャンセルは無変更。単体／複数／通過を区別。"
"23","テル","三神憑依","3","単体指定","キャラクター1名","明記なし","対象ID・対象ATK/DEF・狐光・期限","対象を三神憑依状態にし、テルへ対象ATK/DEFの半分を加算","テルの次ターン開始／対象の次ターン終了","発動時ATK/DEFの半分を切り上げて保持。07で追撃を別計算","自分／敵の選択可否。追撃への未検証チップ・軽減効果","狐光は手動入力、追撃した戦闘終了で1消費。期限は明示操作","スキル - 三神憑依［CT 3］
キャラクターを1人指定し、1ターンの間、そのキャラクターを三神憑依状態にする。
テルの攻撃力と防御力に、三神憑依状態のキャラクターの攻撃力と防御力の半分を加える。
三神憑依状態のキャラクターが攻撃する際、テルに狐光が1スタック消費して追加攻撃する。

パッシブスキル - 狐火
テルまたは三神憑依状態のキャラクターがコスト2以上の攻撃カードを使用すると、テルは狐光を1スタック獲得する。

狐光
1スタックにつき、追加攻撃の攻撃力+1。","ced11ad3bc688a90858db43e6a3dae8a0a55ad7d","https://github.com/Kanoton/damage-calculator/blob/ced11ad3bc688a90858db43e6a3dae8a0a55ad7d/csv/character_skills.csv","07_skill/js/character.js;07_skill/js/character-ability-rules.js;07_skill/js/map.js","手動対象選択。範囲自動判定なし。対象確定までCT/効果変更なし。キャンセルは無変更。単体／複数／通過を区別。"
"103","ジル","カクテルを作る","3","単体指定","キャラクター1名","明記なし","対象ID・カード種類別枚数（合計3）・HP・期限","効果／呪いカードでHP回復、攻撃カードでATK+1、防御カードでDEF+1。同種3枚なら移動ダイス出目+3","ATK/DEF/ダイス出目はこのターン","CTのみ、自己カクテル攻撃/防御の手動補正あり","自分／敵の選択可否、回復の枚数単位、出目と移動力の扱い、期限","ドロー・捨て札・スターコインは手動","スキル - カクテルを作る［CT 3］
キャラクターを1名選び、手札のカード3枚で作ったカクテルを提供する。
選んだカードの種類に応じ、対象に次の効果を与える。
- 効果カードや呪いカード：HPを1回復
- 攻撃カード：攻撃力+1（このターンのみ）
- 防御カード：防御力+1（このターンのみ）
選んだカードを捨て、同じ枚数のカードをドローする。

パッシブスキル - 一生を変えるカクテル
カクテルを作る時、種類が違うカードを3つ使う場合、ジルがスターコイン+3。
同じ種類のカードを3つ使う場合、このターン目標の移動ダイスの出目+3。","ced11ad3bc688a90858db43e6a3dae8a0a55ad7d","https://github.com/Kanoton/damage-calculator/blob/ced11ad3bc688a90858db43e6a3dae8a0a55ad7d/csv/character_skills.csv","07_skill/js/character.js;07_skill/js/character-ability-rules.js;07_skill/js/map.js","手動対象選択。範囲自動判定なし。対象確定までCT/効果変更なし。キャンセルは無変更。単体／複数／通過を区別。"
"104","ドロシー","本当の私","2","単体指定＋通過時","味方キャラクター","ワープ先／通過した味方","ワープ対象ID・通過対象ID一覧・温もり・DEF・発動済みフラグ","通過時双方ATK+1。温もり5で自己ATKへDEFを加え、温もり全消費。パッシブ通過時双方HP+1","ATKはこのターン、自己加算は1ターン1回","CTのみ、温もりDEF補正あり","DEF取得と温もり消費の順序、対象ごとの重複、自己選択、回復時温もり加算","ワープと通過は手動イベント","スキル - 本当の私［CT 2］
味方キャラクターを選択してその位置にワープする、このターン、味方キャラクターに通り過ぎる時、自身とそのキャラクターの攻撃力を+1（重複しない、自身への効果は1ターンに1回のみ）。
「温もり」が5の場合、このターンの自身の攻撃力に防御力と同じ数を上乗せする、その後「温もり」を全て消耗する。

パッシブスキル - 社交界の蝶
HPを回復する時、「温もり」を+1。
「温もり」1つにつき、防御力が1上昇する（最大5スタック）。
ドロシーが他のキャラクターを通り過ぎる時、自身とそのキャラクターのHPを1ずつ回復する。","ced11ad3bc688a90858db43e6a3dae8a0a55ad7d","https://github.com/Kanoton/damage-calculator/blob/ced11ad3bc688a90858db43e6a3dae8a0a55ad7d/csv/character_skills.csv","07_skill/js/character.js;07_skill/js/character-ability-rules.js;07_skill/js/map.js","手動対象選択。範囲自動判定なし。対象確定までCT/効果変更なし。キャンセルは無変更。単体／複数／通過を区別。"
"10","パンダマン","食べ放題","3","周辺全員（パッシブ）","他キャラクター全員","周囲5マス以内","対象ID一覧・現在HP・最大HP・使用した食物","ハンバーガー／チョコレートケーキ使用後、対象HP+2","即時回復","回復未対応、カウンター補正あり","自分以外の敵を含むか、回復上限と関連回復トリガー","スキルのモンスター挑発とは別処理","スキル - 食べ放題［CT 3］
チョコレートケーキまたはハンバーガーのどちらか1枚のカードを獲得する。
5マス以内の全てのモンスターを1ターンの間、挑発状態にする。

パッシブスキル - 善きも悪しきもある
ハンバーガーまたはチョコレートケーキ使用後、周囲5マス以内の他キャラクターのHP+2。
「食べ物」を消費する時にカウンターを1スタック獲得し、消費したものがハンバーガーなら最大HP+2も得る。
カウンター攻撃時は、このターンに受けたダメージ分だけ攻撃力が上昇する。","ced11ad3bc688a90858db43e6a3dae8a0a55ad7d","https://github.com/Kanoton/damage-calculator/blob/ced11ad3bc688a90858db43e6a3dae8a0a55ad7d/csv/character_skills.csv","07_skill/js/character.js;07_skill/js/character-ability-rules.js;07_skill/js/map.js","手動対象選択。範囲自動判定なし。対象確定までCT/効果変更なし。キャンセルは無変更。単体／複数／通過を区別。"
"25","真夢梓","連鎖反応","3","味方全員","味方キャラクター全員","5マス以内、真龍時は範囲無制限","対象ID一覧・手札数・覚醒・真龍","カード付与と連動して覚醒+1","覚醒は期限記載なし","覚醒／真龍の自己補正あり、カード付与未対応","覚醒の加算単位、自己を対象に含むか、カード付与の重複","単体選択と別に複数対象。手札は手動","スキル - 連鎖反応［CT 3］
真夢梓が噛みつく1枚獲得する、5マス以内の味方キャラクター全員がカード1枚得る。
対象キャラクターの手札が4より少ない場合、更にもう1枚得る。

パッシブスキル - 水海の主
他のキャラクターにカードを与えた時、覚醒スタック+1。
覚醒が8スタックに達した時、真龍を獲得する。
真龍の時、手札にある噛みつくとスキルで獲得する噛みつくが龍の咆哮に変化する。

真龍
攻撃力+4。スキルの範囲を無制限にする。","ced11ad3bc688a90858db43e6a3dae8a0a55ad7d","https://github.com/Kanoton/damage-calculator/blob/ced11ad3bc688a90858db43e6a3dae8a0a55ad7d/csv/character_skills.csv","07_skill/js/character.js;07_skill/js/character-ability-rules.js;07_skill/js/map.js","手動対象選択。範囲自動判定なし。対象確定までCT/効果変更なし。キャンセルは無変更。単体／複数／通過を区別。"
"101","超てんちゃん","インターネットエンジェル","3","条件付き全対象","ファン状態のキャラクターとモンスター","フィールド全体","ファンID一覧・総数・永続ATK低下適用済み","使用時ファン9体以上で全ファンATK-1","永続、重複不可","ファン数による自己HP回復のみ","ファン状態の対象登録、共有パッシブとATK低下の適用範囲","単体選択とは別。コイン報酬は手動","スキル - インターネットエンジェル［CT 3］
コインを1枚得る。
場にいる「ファン」状態のモンスター1体につき、追加でコインを1枚得る（最大10コイン）。
場にいる「ファン」状態のモンスターとキャラクターが3体以上の場合、HPを3回復する。
スキル使用時に「ファン」が9体以上いる場合、フィールド上の全てのファンの攻撃力を-1（永続、重複不可）し、他の味方キャラクターは3スターコインを獲得する。

パッシブスキル - ジェルばんは
超てんちゃんを攻撃するキャラクターやモンスターは「ファン」状態にされます。
「ファン」状態の敵が超てんちゃんを攻撃する際、攻撃力-1。

パッシブスキル - 一心同体
超てんちゃんとあめちゃんのパッシブスキルは共有される。","ced11ad3bc688a90858db43e6a3dae8a0a55ad7d","https://github.com/Kanoton/damage-calculator/blob/ced11ad3bc688a90858db43e6a3dae8a0a55ad7d/csv/character_skills.csv","07_skill/js/character.js;07_skill/js/character-ability-rules.js;07_skill/js/map.js","手動対象選択。範囲自動判定なし。対象確定までCT/効果変更なし。キャンセルは無変更。単体／複数／通過を区別。"
"105","遠野ハンナ","浮遊魔法","3","通過時（パッシブ）","通過した味方、橘シェリー","通過したキャラクター","対象ID・人形制作・人形完成・次の移動補正・推理タイム","シェリー通過で次の移動力+2と推理タイム+1。人形完成時は通過した味方へ次の移動力+2","次の移動まで、推理タイムはターン終了で-1","CTのみ","双方の移動+2の重複、移動補正消費時点、他人の推理タイム期限","アクティブ対象選択ではなく通過イベント","スキル - 浮遊魔法［CT 3］
1ラウンドの間、浮遊を獲得する。

パッシブスキル - 空想令嬢
移動ダイスの出目が6以上の時、スターコインを1枚獲得する。
味方キャラクターを通過する時、スターコインを1枚獲得し、人形制作を1スタック獲得する。
浮遊を保有している状態で味方キャラクターを通過する時、スターコインが3コイン以上あれば、3コインを振り込む。
人形制作が7スタックに達した時、遠野ハンナは人形完成を獲得する。

パッシブスキル - 親友の祝福
橘シェリーを通過する時、橘シェリーに次の移動力+2と推理タイムを1スタック付与する。

人形完成
味方キャラクターを通過すると、その味方キャラクターに次の移動力+2を付与する。","ced11ad3bc688a90858db43e6a3dae8a0a55ad7d","https://github.com/Kanoton/damage-calculator/blob/ced11ad3bc688a90858db43e6a3dae8a0a55ad7d/csv/character_skills.csv","07_skill/js/character.js;07_skill/js/character-ability-rules.js;07_skill/js/map.js","手動対象選択。範囲自動判定なし。対象確定までCT/効果変更なし。キャンセルは無変更。単体／複数／通過を区別。"
"106","橘シェリー","怪力魔法","2","近接条件（パッシブ）","遠野ハンナ","シェリーから4マス以内","ハンナID・範囲内フラグ・被ダメージ","ハンナの受けるダメージ-1","範囲条件が成立中","未対応（アクティブはモンスター対象）","軽減対象ダメージ種類、他の軽減との順序・下限","位置関係は手動入力","スキル - 怪力魔法［CT 2］
3マス以内の全てのモンスターを7マス以内のマスに投げ飛ばす。
そのマスにいる全てのモンスターに2ダメージを与える。

パッシブスキル - 探偵様出撃
モンスターへ攻撃後、推理タイムを1スタック獲得する。最大4スタック。

パッシブスキル - 親友を守る
遠野ハンナが橘シェリーの4マス以内にいる場合、遠野ハンナの受けるダメージ-1。

推理タイム
1スタックごとに攻撃力+1。ターン終了時に-1。","ced11ad3bc688a90858db43e6a3dae8a0a55ad7d","https://github.com/Kanoton/damage-calculator/blob/ced11ad3bc688a90858db43e6a3dae8a0a55ad7d/csv/character_skills.csv","07_skill/js/character.js;07_skill/js/character-ability-rules.js;07_skill/js/map.js","手動対象選択。範囲自動判定なし。対象確定までCT/効果変更なし。キャンセルは無変更。単体／複数／通過を区別。"
