id,name,ability
1,"ミミ","スキル - 商品補充［CT 3］
全ての手札を捨て、元の手札数+1のカードを引く。

パッシブスキル - リサイクル
1枚のバトルカードを捨てるごとに、1コインを獲得する。
累計で手札を25枚獲得するたびにチップを1つ得る。"
2,"パルナン","スキル - ネットショッピング［CT 2］
遠隔でショップのカードを購入する。

パッシブスキル - 伝説商人
ショップで購入できるバトルカード数+1、ショップに入るたびスターコイン+1。
ショップに並ぶカードの枚数も+1され、全てのカードが10%の確率で値段1コインに変更される。
パルナンが「振り込み」を行った後は、ショップのカード1枚の値段が1コインに変更される。"
3,"ファニィ","スキル - トラブル・メーカー［CT 3］
2つのマップイベントから1つを選んで発動する。

パッシブスキル - 盲点発現！
ファニイがイベントを発生させるたびに、スターコインを3獲得する。"
4,"アランナ","スキル - アイアン・メイデン［CT 3］
このターン、戦闘・罠によるダメージと反撃を無効化する。
自身から攻撃することはできる。

パッシブスキル - 勇気を出す！
前回のターンでダメージを受けていない場合、攻撃力+3。
スタック不可、ダメージを受けるとクリア。"
5,"コマチ","スキル - 忍術連撃［CT 3］
1ターンの間、効果カードを追加で1枚使用できる。

パッシブスキル - コピーニンジャ
効果カードを3枚使用するごとに、最後に使用した効果カードを手札にコピーする。
同時にCT-1、効果カードのダメージ+1。"
6,"パッドマン","スキル - マジで怒ったぞ［CT 3］
1ターンの間、パッシブスキルの効果が最大値で発動する。

パッシブスキル - 自己主張なし
各ターンごとに、既存の基準値以上で属性が増減する：攻撃力-2～2、防御力-2～2、移動ダイス-2～2。
攻撃時のダイスの出目が6の場合、相手の防御力を無視する。
出目が2未満の場合は、次の攻撃時のダイスの出目を6にする。"
7,"パパラ","スキル - ひとくちだけ［CT 3］
戦闘で与えたダメージの半分を回復する。
スキルの持続時間中はHPが半分未満であると見なす。

パッシブスキル - 可愛さは正義
現在のHPが最大HPの半分以下の場合、攻撃力+3。"
8,"レン","スキル - 子供の特権［CT 3］
キャラクターを指定し、カードを1枚引かせジュジュシールドを付与する。
※ジュジュシールド効果：次に受けるダメージ-99

パッシブスキル - ジュジュさん、助けて！
味方にスキルを使った時、目標のHPが50%以下の場合、自身もカードを引き、ジュジュシールドを得る。
ジュジュシールドをキャラクターに与えたとき、反撃効果（1回）も与える。"
9,"Z3000","スキル - 引き寄せる［CT 4］
7マス以内のモンスターを引き寄せ、5ダメージを与える。
攻撃力が7以上でスキルを使用した場合、対象モンスターに攻撃できる。

パッシブスキル - 回収利用
モンスター撃破時にCT-2。
モンスターを2体撃破するたびに攻撃力+1。"
10,"パンダマン","スキル - 食べ放題［CT 3］
チョコレートケーキまたはハンバーガーのどちらか1枚のカードを獲得する。
5マス以内の全てのモンスターを1ターンの間、挑発状態にする。

パッシブスキル - 善きも悪しきもある
ハンバーガーまたはチョコレートケーキ使用後、周囲5マス以内の他キャラクターのHP+2。
「食べ物」を消費する時にカウンターを1スタック獲得し、消費したものがハンバーガーなら最大HP+2も得る。
カウンター攻撃時は、このターンに受けたダメージ分だけ攻撃力が上昇する。"
11,"ルル","スキル - 癒しの粘液［CT 3］
キャラクターを指定し、【ヒール】を3スタック付与する。
対象から4マス以内にいる全モンスターの次の行動時の移動力を-3する。

パッシブスキル - 細胞分裂
ダメージを受けた後、【ヒール】+1スタック、CT-1。
ターン終了時に【ヒール】を2スタック失うごとに3マス以内のランダムな位置へ【ミニスライム】を1個生成する。最大2個。
キャラクターが【ミニスライム】を通過するとそれを消費し、HP+1と【ヒール】+1スタックを得る。"
12,"ヒメ","スキル - 気功修練［CT 3］
HP+2、エネルギー保存が発動中の場合、このターンの間攻撃力+4を得る。

パッシブスキル - エネルギー保存
自分のターンに戦闘を行わなかった場合、ターン終了時にエネルギー保存を得る。
エネルギー保存は攻撃力+2、防御力+2の効果を持ち、次回の攻撃終了まで有効で、最大5スタックまで蓄積できる。
モンスターを通過して戦闘を行わなかった場合は、2スタック獲得する。
攻撃時に5スタックある場合、追加で2スタックを消費し、その攻撃で与えたダメージの88%を追加で2マス以内の敵に与える。

パッシブスキル - 以心伝心
スキル使用時、ユメが符カード-福1枚手札に加える。"
13,"カイセイ","スキル - フェイト・エコー［CT 3］
モンスター1匹をマークし、その受けるダメージ+1。2ターン継続。
効果中にそのモンスターが気絶すると、カイセイはコインを3枚得る。
スキル使用時、手札の全てのリモコンダイスを運命の導きに変える。
マークされたモンスターを撃破したキャラクターは運命の導きを得る。

パッシブスキル - 幸運な番号
移動ポイントが6なら、6枚のコインを得る。"
14,"ミサキ","スキル - 桜裂空斬［CT 3］
6マス以内のモンスターを指定して2ダメージを与え、剣気を1つ得る（最大3スタック）。
剣気が満タンの状態で使用すると2スタックを消費してカード「名刀：ガオー切り」を1枚得て、そのバトルコストを-1する。

パッシブスキル - 剣気
戦闘中、自身の攻撃命中や回避成功すると剣気1つを得る。最大3スタック
自身がスタン時に全ての剣気スタックを失う。"
15,"ナーディス","スキル - クィーン プリビレッジ［CT 3］
一時的に3枚の手札を得る、この手札をターン終了時に捨てる。

パッシブスキル - プレッシャー
戦闘時自分の手札は相手より多い場合、多い手札の1枚につき自分の攻撃力+1。
最大攻撃力+3。"
16,"ジャスミン","スキル - オーバードライブ［CT 4］
1ターンの間、防御力-3、移動ステップ数+3。
使用後、次の移動ダイスの出目が10以上ならそのターンの攻撃力+2、10未満なら防御力+2。

パッシブスキル - チャージステップ
累計移動ステップ数が13スタック増加するごとに、攻撃力と防御力が交互に1ずつ増加する。
疾走マスを踏んだ時、CT-2。"
17,"ルカ","スキル - 真夜の一閃［CT 3］
次の移動時に6面ダイスを2個振ります、移動時に経過するモンスターに自身攻撃力+2のダメージ。
（スキル使用時に戦闘不可）

パッシブスキル - 攻めの姿勢
1ターンに1回、セーフティポイントを経過または滞在時にCT-2。"
18,"ナンシーロー","スキル - ハッキング［CT 3］
モンスターを指定して強制戦闘を仕掛ける。
この交戦ではパッシブスキルによるカードを捨てる効果は発動しない。
対象がナンシー・ローから3マス以上離れている場合、この戦闘では反撃されない。
使用時に対象との距離が6マスより遠い場合、バトルカードを1枚獲得し、1ターンの間、ファイアウォールを得る。

パッシブスキル - ファイアウォール
ターン開始時2マス以内にモンスターがいない場合、バトルカードを1枚獲得し、ファイアウォールを得る。1ラウンド継続。。
自身が仕掛けた戦闘終了後、手札が6枚以上ならバトルカードをランダムに1枚捨てる。


ファイアウォール
攻撃力+2、防御力+2。
2マスより遠いモンスターから受けるダメージ-1。"
19,"メガス","スキル - 軌道エアバースト［CT 3］
3マス以内のマスを選んでワープし、全ての手札を捨てて軌道エアバーストを発動する。
カードを2枚捨てるごとに、6マス以内のランダムなモンスターに3ダメージを与える。
捨てたカードにバトルカードが含まれる場合は、そのバトルコストに応じてダメージを強化する。
バトルコスト1でダメージ+1、バトルコストが3増加するごとに追加ダメージ+1。
使用後にカードを1枚獲得する。
捨てたカードが6枚以上の場合は、獲得するカードが軌道レールキャノンに変わる。
軌道レールキャノン使用後、バトルカードを1枚引き、そのコスト分のダメージを対象と周囲2マス以内のモンスターに与え、精確照準を付与する。

パッシブスキル - リサプライ
ターン終了時、手札数が6より少ない場合、カード1枚を得る。

精確照準
【軌道エアバースト】で与えるダメージ+1。"
20,"ユメ","スキル - 白沢よ、福を与えよ［CT 3］
白沢よ、福を与えよを使用時に、ターゲットに1ターンの間、余分の治療量を攻撃力に変換を与え、符カード-福を1枚手札に加える、手札にある全ての符カード-禍を符カード-福に転換。

パッシブスキル - 禍福倚伏
ダイスの出目が1の場合、符カード-禍1枚手に入る、ダイスの出目が6の場合、符カード-福1枚手に入る。

パッシブスキル - お手伝い完璧
ヒメに符カード-福を使った時、ヒメのエネルギー保存が発動。"
21,"アル","スキル - 強者の機欄［CT 3］
キャラクターを指定し、1～3枚のカードを与え、与えた枚数と同量の「スターコイン」を獲得。

パッシブスキル - ウィンウィン
他キャラクターにカードを与える時、双方にスターライト+1。
自身のスターライトが6スタック毎に攻撃力+1、防御力+1。"
22,"リン","スキル - ライフ・ブック［CT 3］
ライフ・ブックを1枚得る、このターンの間、全ての効果カードの効果距離+3。

パッシブスキル - 調査結果
イベント発生時、ライフ・ブック1枚得る。
ライフ・ブックを使用するたびに、ライフ・ブックのダメージが1上昇する。"
23,"テル","スキル - 三神憑依［CT 3］
キャラクターを1人指定し、1ターンの間、そのキャラクターを三神憑依状態にする。
テルの攻撃力と防御力に、三神憑依状態のキャラクターの攻撃力と防御力の半分を加える。
三神憑依状態のキャラクターが攻撃する際、テルに狐光が1スタック消費して追加攻撃する。

パッシブスキル - 狐火
テルまたは三神憑依状態のキャラクターがコスト2以上の攻撃カードを使用すると、テルは狐光を1スタック獲得する。

狐光
1スタックにつき、追加攻撃の攻撃力+1。"
24,"モーゼス","スキル - 弱点反撃［CT 2］
モンスター1体を選択し、「弱点」を付与する。
「弱点」を持つモンスターがモーゼスに攻撃を行う場合、モーゼスは反撃する。

パッシブスキル - 精確無比
回避/反撃成功時、精確無比を+1（最大3スタック）する。

弱点
モーゼスと交戦時、そのモンスターの戦闘ダイスの出目を0にする。

精確無比
1スタックごとに攻撃力+2、回避ダイスの最小出目+1。
ターン終了時に1スタック減少。"
25,"真夢梓","スキル - 連鎖反応［CT 3］
真夢梓が噛みつく1枚獲得する、5マス以内の味方キャラクター全員がカード1枚得る。
対象キャラクターの手札が4より少ない場合、更にもう1枚得る。

パッシブスキル - 水海の主
他のキャラクターにカードを与えた時、覚醒スタック+1。
覚醒が8スタックに達した時、真龍を獲得する。
真龍の時、手札にある噛みつくとスキルで獲得する噛みつくが龍の咆哮に変化する。

真龍
攻撃力+4。スキルの範囲を無制限にする。"
26,"スミカゲ","スキル - 暗影融合［CT 3］
【影】を1つ選択してテレポートし、その後全ての【影】を吸収する。
【影】を1つ吸収するごとに、1ターンの間、自身の攻撃力+1。

パッシブスキル - シャドウツイン
ターン開始時と攻撃命中時、スミカゲがいるマスに【影】を配置する、2ターン継続。
敵キャラクターまたはモンスターが【影】の上に滞在すると、1ダメージを受ける。"
27,"ボニー","スキル - ミッション：インシークレット［CT 3］
モンスター1体を調査対象とし、【マーク】+1を付与する。
更に対象モンスターのマークスタック数×2のスターコインを獲得する。

パッシブスキル - 真実への鍵
【潜入調査】をマップイベントに追加する。
【マーク】を持つモンスターを攻撃するとき、攻撃力+3。
【マーク】を持つモンスターを倒したとき、バトルカードを1枚得る。

調査対象
撃破時に【潜入調査】を発動し、次の段階へ侵攻。

潜入調査
フェーズ・ワン
ボニーの6マス以内のボス以外の敵全員に【マーク】を1スタック付与する。
ボニーと発動プレイヤーは1ターンの間、潜伏を獲得する。
フェーズ・ツー
ボニーの6マス以内のボス以外の敵全員に【マーク】を1スタック付与する。
ボニーと発動プレイヤーはバトルカードを1枚獲得し、1ターンの間、潜伏を獲得する。
フェーズ・スリー
ボス以外の敵全員に【マーク】を1スタック付与する。
ボニーと発動プレイヤーはバトルカードを1枚獲得し、1ターンの間、潜伏を獲得する。
真相解明
ボスに【マーク】を2スタック付与する。
全キャラクターはバトルカードを1枚獲得し、1ターンの間、潜伏を獲得する。


潜伏
モンスターへ攻撃するとき、【マーク】スタック分攻撃力を増加。
戦闘終了後この効果を解除する。"
28,"リンリン","スキル - インターセプトタックル［CT 3］
1～7から数字を選び、それをインターセプトタックルの移動距離にする。
次の移動をタックルに変えて即発動。
タックル中、通ったモンスターを全員終点まで弾き飛ばす。
停止後、弾き飛ばした順にバトルできる。
タックル中にエリア拒止を通ると、タックルされたモンスターの防御力が-2、自分の攻撃力+2（2ターン継続）。

パッシブスキル - インターセプター
自身のロードブロックがエリア拒止に変化。
ゲーム開始時、エリア拒止を2枚追加獲得。
ロードブロック通過後、エリア拒止を1枚獲得する。"
29,"サイクス","スキル - アビサルゾーン［CT 3］
4マス以内のマスを1つ選択し、「テンタクルアビサル」を1体生成。
さらに、そのマスから2マス以内の全てのマスを一時的に「アビサルゾーン」に変換する。
その後、アビサルゾーン内の全てのテンタクルアビサルを作動させる。
アビサルゾーンに何らかの形で侵入したモンスターは、次の移動力が-2される。
アビサルゾーンはサイクスのターン開始時に消失する。

パッシブスキル - テンタクルアビス
自身がダメージを与えた時に、対象に1ターンの間、アビスエロージョンマークを1スタック付与する。
ターン終了時、自身がいるマスに「テンタクルアビサル」を1体生成する。
その後、3マス以内の全ての「テンタクルアビサル」を作動させる。

テンタクルアビサル
周囲2マス以内の全てのモンスターに1ダメージを与え、その後、移動力減少効果を受けているモンスターに1ターンの間、アビスエロージョンマークを1スタック付与する。
永続的に存在し、1つのマスに最大1体まで存在する。"
101,"超てんちゃん","スキル - インターネットエンジェル［CT 3］
コインを1枚得る。
場にいる「ファン」状態のモンスター1体につき、追加でコインを1枚得る（最大10コイン）。
場にいる「ファン」状態のモンスターとキャラクターが3体以上の場合、HPを3回復する。
スキル使用時に「ファン」が9体以上いる場合、フィールド上の全てのファンの攻撃力を-1（永続、重複不可）し、他の味方キャラクターは3スターコインを獲得する。

パッシブスキル - ジェルばんは
超てんちゃんを攻撃するキャラクターやモンスターは「ファン」状態にされます。
「ファン」状態の敵が超てんちゃんを攻撃する際、攻撃力-1。

パッシブスキル - 一心同体
超てんちゃんとあめちゃんのパッシブスキルは共有される。"
102,"あめちゃん","スキル - 愛情の過剰摂取［CT 3］
このターン、「愛」の数に応じた移動ボーナスを得、同量のHPを回復し、その後、「愛」を4層減少させる。
使用時に「愛」が4以上ある場合、自身の最大HP+1、愛の上限+1。

パッシブスキル - 愛が愛を重すぎる
ダメージを受けるたびに「愛」を獲得。最大4スタック。
愛の初期値は2スタック。

パッシブスキル - Two hearts beat as one
超てんちゃんとあめちゃんのパッシブスキルは共有される。"
103,"ジル","スキル - カクテルを作る［CT 3］
キャラクターを1名選び、手札のカード3枚で作ったカクテルを提供する。
選んだカードの種類に応じ、対象に次の効果を与える。
- 効果カードや呪いカード：HPを1回復
- 攻撃カード：攻撃力+1（このターンのみ）
- 防御カード：防御力+1（このターンのみ）
選んだカードを捨て、同じ枚数のカードをドローする。

パッシブスキル - 一生を変えるカクテル
カクテルを作る時、種類が違うカードを3つ使う場合、ジルがスターコイン+3。
同じ種類のカードを3つ使う場合、このターン目標の移動ダイスの出目+3。"
104,"ドロシー","スキル - 本当の私［CT 2］
味方キャラクターを選択してその位置にワープする、このターン、味方キャラクターに通り過ぎる時、自身とそのキャラクターの攻撃力を+1（重複しない、自身への効果は1ターンに1回のみ）。
「温もり」が5の場合、このターンの自身の攻撃力に防御力と同じ数を上乗せする、その後「温もり」を全て消耗する。

パッシブスキル - 社交界の蝶
HPを回復する時、「温もり」を+1。
「温もり」1つにつき、防御力が1上昇する（最大5スタック）。
ドロシーが他のキャラクターを通り過ぎる時、自身とそのキャラクターのHPを1ずつ回復する。"
105,"遠野ハンナ","スキル - 浮遊魔法［CT 3］
1ラウンドの間、浮遊を獲得する。

パッシブスキル - 空想令嬢
移動ダイスの出目が6以上の時、スターコインを1枚獲得する。
味方キャラクターを通過する時、スターコインを1枚獲得し、人形制作を1スタック獲得する。
浮遊を保有している状態で味方キャラクターを通過する時、スターコインが3コイン以上あれば、3コインを振り込む。
人形制作が7スタックに達した時、遠野ハンナは人形完成を獲得する。

パッシブスキル - 親友の祝福
橘シェリーを通過する時、橘シェリーに次の移動力+2と推理タイムを1スタック付与する。

人形完成
味方キャラクターを通過すると、その味方キャラクターに次の移動力+2を付与する。"
106,"橘シェリー","スキル - 怪力魔法［CT 2］
3マス以内の全てのモンスターを7マス以内のマスに投げ飛ばす。
そのマスにいる全てのモンスターに2ダメージを与える。

パッシブスキル - 探偵様出撃
モンスターへ攻撃後、推理タイムを1スタック獲得する。最大4スタック。

パッシブスキル - 親友を守る
遠野ハンナが橘シェリーの4マス以内にいる場合、遠野ハンナの受けるダメージ-1。

推理タイム
1スタックごとに攻撃力+1。ターン終了時に-1。"
