id	name	images	category	effect						
1	ボクシング	グローブ-初級	共通	グローブ-初級.png	共通	攻撃力+1。				
2	ボクシング	グローブ-中級	共通	グローブ-中級.png	共通	攻撃力+2。				
3	ボクシング	グローブ-上級	共通	グローブ-上級.png	共通	攻撃力+5。				
4	スピードローラー	スケート	共通	初級	004_スピードローラー	スケート	-0	初級.png	共通	移動力+1。
5	スピードローラー	スケート	共通	中級	005_スピードローラー	スケート	-0	中級.png	共通	移動力+2。
6	スピードローラー	スケート	共通	上級	006_スピードローラー	スケート	-0	上級.png	共通	移動力+4。
7	サンドクッキー-普通	007_サンドクッキー-普通.png	共通	HP上限+2。						
8	サンドクッキー-なかなか	008_サンドクッキー-なかなか.png	共通	HP上限+3。						
9	サンドクッキー-ウマすぎ	009_サンドクッキー-ウマすぎ.png	共通	最大HP+3。追加の最大HP2につき、攻撃力+1。						
10	ヘルメット-一般	010_ヘルメット-一般.png	共通	防御力+1。						
11	ヘルメット-普通	011_ヘルメット-普通.png	共通	防御力+2。						
12	ヘルメット-高級	012_ヘルメット-高級.png	共通	防御力+3。						
13	砥石	013_砥石.png	共通	HPが50%未満の時、攻撃力+4、受けるダメージ-1。						
14	アドレナリン注射液-高効率	014_アドレナリン注射液-高効率.png	共通	HPが半分以下時、攻撃力+8、反撃無効を得る。						
15	エクストラ-バッテリー	015_エクストラ-バッテリー.png	共通	CT-1。						
16	会員推薦状	016_会員推薦状.png	共通	ラウンドボーナスカード+1、ショップのカード価格-1。						
17	ビッグバッグ	017_ビッグバッグ.png	共通	カード使用数+1。						
18	マジックトーム	018_マジックトーム.png	共通	カード3枚使うごとに、その3枚目に使ったカードを手札に加える。						
19	スマートウォッチ	019_スマートウォッチ.png	共通	ターン終了時、手札数が5より少ない場合、カード1枚を得る。						
20	豚の貯金箱	020_豚の貯金箱.png	共通	効果カードを2枚使うごとに、コイン+3。						
21	優雅の羽	021_優雅の羽.png	共通	回避成功時、攻撃力+1（最大4スタック）。						
22	探天衛星	022_探天衛星.png	共通	全ての効果カードの効果距離+3。ターン終了時、手札が6より少ない場合、軌道レールキャノンを1枚得る。						
23	しおり	023_しおり.png	共通	効果カードダメージ+1。						
24	循環往来	024_循環往来.png	共通	強化チップの再抽選回数を3回獲得する。3ターン後、強化チップを選択し、1個獲得する。						
25	懐中電灯-強光	025_懐中電灯-強光.png	共通	モンスターへの攻撃時、【コイン】が4スタックにつき、自身の攻撃力+1。モンスターにヒット後、【コイン】を1スタック獲得する。						
26	キャッシュカード-残高少ない	026_キャッシュカード-残高少ない.png	コイン	【コイン】スタック+4。						
27	キャッシュカード-残高多い	027_キャッシュカード-残高多い.png	コイン	【コイン】スタック+7。						
28	キャッシュカード-アンリミテッド	028_キャッシュカード-アンリミテッド.png	コイン	【コイン】スタック+3、全キャラクターのラウンドボーナス+3。						
29	8面ダイス	029_8面ダイス.png	コイン	ダイスの出目が8の場合、スターコイン+8。ダイスの累計出目が8につき、【コイン】スタック+1。						
30	ATM	030_ATM.png	コイン	振り込み時、自身と対象は同時に1【コイン】とスターコイン1枚を獲得する。						
31	スターコインハンマー	031_スターコインハンマー.png	コイン	5【コイン】を獲得する。攻撃時、現在の所持スターコインが20より多い場合、現在所持しているスターコインの30%分の攻撃力を追加で獲得し、その後6スターコインを消費する。						
32	紫色の飛星	032_紫色の飛星.png	コイン	モンスターを見逃した時、そのモンスターに1ダメージを与え、【コイン】を1スタック獲得する。						
33	金色の飛星	033_金色の飛星.png	コイン	モンスターを見逃した時、そのモンスターに2ダメージを与え、【コイン】を1スタック獲得する。対象がボスの場合、【コイン】のスタック数分の追加ダメージを与える。						
34	手持ち扇風機-小	034_手持ち扇風機-小.png	マーク	スキル使用後、6マス以内のモンスターに【マーク】1つ付与。						
35	スプレー缶	035_スプレー缶.png	マーク	効果カードでモンスターにダメージを与えた後、目標モンスターに【マーク】を1つ付与。						
36	スタンダードサイト	036_スタンダードサイト.png	マーク	攻撃力+2。攻撃時、目標に【マーク】を一つ付与。						
37	イーグルアイ	037_イーグルアイ.png	マーク	攻撃時、目標に【マーク】を1つ付与し、攻撃目標の【マーク】スタック数の二倍の攻撃力上昇。						
38	忍術手裏剣	038_忍術手裏剣.png	マーク	カード使用数+1、ダメージ系効果カードを使用した場合、目標モンスターに【マーク】スタック数と同じ数のダメージを与える。						
39	標的	039_標的.png	マーク	攻撃力+1。ターン開始時、4マス以内で最も近いモンスターに【マーク】スタックを1付与する。						
40	魔法の矢袋	040_魔法の矢袋.png	マーク	【マーク】されたモンスターに対してカードを使用した場合、使用したカードを手札に戻し、目標のモンスターに【マーク】を1つ付与（1ターンに1度）。						
41	手持ち扇風機-大	041_手持ち扇風機-大.png	マーク	スキル使用後、カードを1枚獲得、6マス以内のモンスターに【マーク】1つ付与。						
42	カッターナイフ-ベーシック	042_カッターナイフ-ベーシック.png	ヒール	HPが満タン時、攻撃力+2、それに加えて攻撃時に【ヒール】スタック数と同じ数の攻撃力が上昇。						
43	カッターナイフ-シャープ	043_カッターナイフ-シャープ.png	ヒール	HPが満タン時、攻撃力+4、それに加えて攻撃時に【ヒール】スタック数と同じ数の攻撃力が上昇。						
44	救急箱-緊急治療	044_救急箱-緊急治療.png	ヒール	ターン開始時、【ヒール】スタック+1。						
45	救急箱-完備治療	045_救急箱-完備治療.png	ヒール	ターン開始時、【ヒール】スタック+3。						
46	ビタミン剤	046_ビタミン剤.png	ヒール	カードを獲得するたび、【ヒール】スタック+1。						
47	おいしいキャンディー	047_おいしいキャンディー.png	ヒール	カードを使用した後、【ヒール】を1スタック獲得する。カードを使用した後、HPが満タンの場合、このターンのカード使用数+1（毎ターン最大1回発動）						
48	トンポーロウ	048_トンポーロウ.png	ヒール	ターン開始時、周囲5マス以内の全員の【ヒール】スタック+1、HP+1。						
49	バッファーシールド	049_バッファーシールド.png	ヒール	攻撃を受けるたび、【ヒール】スタック+2、スターコイン+3。						
50	友情バッジ	050_友情バッジ.png	ヒール	味方に治療や振り込みを行った際に、味方と同時に【ヒール】スタック+2。						
51	エネルギー回収	051_エネルギー回収.png	チャージ	ダイスの出目が5貯まるごとに、【チャージ】を2獲得する。【チャージ】が5より大きい時、移動力+1。						
52	エナジーソード	052_エナジーソード.png	チャージ	攻撃命中ごとに【チャージ】を2獲得する。【チャージ】が7より大きい時、攻撃力+2。						
53	ワープエンジン	053_ワープエンジン.png	チャージ	突撃ゲートまたは疾走マスに止まった時、【チャージ】を2獲得し、次の移動時に移動力+2。						
54	電撃グローブ	054_電撃グローブ.png	チャージ	効果カードを使用した時、【チャージ】を2スタック獲得する。ターン終了時、チャージを4消費して、自身から2マス以内の全モンスターに2ダメージを与える。						
55	エアバッグ	055_エアバッグ.png	チャージ	現在HPを超えるダメージを受ける場合、【チャージ】を6消費してそのダメージを0にする。ダメージを受けた後、【チャージ】を1獲得する。						
56	ライトニングコア	056_ライトニングコア.png	チャージ	スキル使用後、このターンのカード使用数+1、【チャージ】を5消費し、スキルのCT-1。						
57	永久機関	057_永久機関.png	チャージ	移動力+2。ターン開始時、自身の【チャージ】が6未満の場合、【チャージ】を6にする。						
58	レールガン	058_レールガン.png	チャージ	攻撃力+2。モンスターに挑戦した後、【チャージ】を4消費して、対象がいるマスの全モンスターに現在の攻撃力の50%分のダメージを与える。						
101	ギガントアンカー	101_ギガントアンカー.png	共通	ダメージを受けるたびに、攻撃力+1。ターン開始時、このチップによる攻撃力ボーナス-1。						
102	トライデント	102_トライデント.png	共通	スキル使用時、味方キャラ1名に攻撃力+1、防御力+1。（この効果は単体対象に重複発動しない）						
103	夢想号プラモデル	103_夢想号プラモデル.png	共通	移動力+2。ダイスの出目累計15ごとに、スキルCT-1。						
111	呪いの剣	111_呪いの剣.png	共通	呪い：モンスターを撃破するたびに、攻撃力+1を得る。						
112	復讐の戟	112_復讐の戟.png	共通	【青き呪い】状態になった間：攻撃力+5、【赤き呪い】状態になった間：防御力+5。						
113	貫通の銃	113_貫通の銃.png	共通	効果カードが目標モンスターの防御力と同じの数のダメージを追加で出る。						
121	大鉦	121_大鉦.png	共通	スキル使用後、4マス以内の全キャラクターの攻撃力+1、受けるダメージ-1、1ターン継続。						
122	お年玉	122_お年玉.png	共通	爆竹使用後、カード使用数+1。振り込み後、爆竹を1枚獲得。爆竹3枚使用するごとに、全キャラクターにランダムで最大3種類の新春祝福を獲得。						
131	紅茶にケーキ	131_紅茶にケーキ.png	共通	攻撃力+1。ティーポットを攻撃する時に、攻撃力+1、防御力+1（1ターン継続）。						
132	古の魔法杖	132_古の魔法杖.png	共通	全ての効果カードの効果距離+3、カード使用数+1。						
133	精良な装備セット	133_精良な装備セット.png	共通	攻撃力+4、【問題生徒】になった時、防御力+4。						
141	荒波の御守り	141_荒波の御守り.png	共通	効果カード使用時、1ダメージを受ける。カードを獲得時、HP1回復する。						
142	幻のシーフードスープ	142_幻のシーフードスープ.png	共通	戦闘中のダイスの出目は1か6になる。						
143	無限の蛇	143_無限の蛇.png	共通	ターン開始時、手札を8までドローする、カード使用数+1。						
144	陰陽鯉	144_陰陽鯉.png	共通	反撃無効を得る、攻撃時、ダイスの出目を6に固定する。						
145	蛇のぬいぐるみ	145_蛇のぬいぐるみ.png	共通	ダメージを受ける後、このターンで受けるダメージ-2、攻撃力+2。						
146	鯉のぬいぐるみ	146_鯉のぬいぐるみ.png	共通	スキル使用後、反撃1回得る、反撃時、攻撃力+1永続、防御力+1永続を得る。						
151	タイマー	151_タイマー.png	共通	改造を得る時、追加で1スタック獲得する。改造スタック2つにつき、攻撃力+1。						
152	復活人形	152_復活人形.png	共通	撃破された後、進捗バーへの影響を無くす。攻撃力、防御力、最大HP上限+1。						
153	キャンディー会員証	153_キャンディー会員証.png	共通	怪奇飴カードの値段を3コインにする。怪奇飴カードを使用時、CT-1。						
161	彩り羽のブレスレット	161_彩り羽のブレスレット.png	共通	スキル使用後、彩りの羽を1枚獲得する。彩りの羽を3枚使った後、強化チップを1個獲得する。						
162	オシドリペンダント	162_オシドリペンダント.png	共通	【鴛鴦連理】を持つ時、移動力+2。【鴛鴦連理】解除時、攻撃力、防御力+1。（永続）						
163	孔雀の扇子	163_孔雀の扇子.png	共通	攻撃命中後、自身が【ジェントル・フレイム】2スタック獲得する。戦闘に挑まれた時、【ジェントル・フレイム】3スタック消耗し、反撃1スタック獲得、さらにHP3回復する。						
201	スタンガン	201_スタンガン.png	共通	エリートユニットを撃破した後、【マインド】を1スタック獲得する。【マインド】のスタック数が3以上の場合、攻撃力+2、防御力+2。						
202	スポーツリストバンド	202_スポーツリストバンド.png	共通	攻撃力+1。攻撃時、防御側の移動力が変化している場合、追加で攻撃力+4。						
203	懐中時計	203_懐中時計.png	共通	スタンされた後の次のラウンド開始時、即座に復活する。そのラウンドのモンスター行動時、全てのモンスターが時間停止状態になる。その後、懐中時計は「懐中時計（破損）」に変化する。						
204	懐中時計（破損）	204_懐中時計（破損）.png	共通	元の機能を失ってしまったようで、修復は不可能に見える。						
205	アダプティブコア	205_アダプティブコア.png	共通	マインドが3スタック以下の時、受けるダメージ-1。マインドが3スタック以上の時、攻撃力+2。						
206	エンタメターミナル	206_エンタメターミナル.png	共通	攻撃力+4、防御力+4。ターン終了時、マインドスタック-1。						
207	原初の意識	207_原初の意識.png	共通	マインド増加時、最大HP+1（永続）。マインド減少時、攻撃力+1（永続）。						
211	虫眼鏡	211_虫眼鏡.png	共通	【罪証】を1スタック保有するごとに、攻撃力+1、防御力+1（最大4スタック）。						
212	ハンナの人形	212_ハンナの人形.png	共通	振り込み後、【罪証】を1スタック獲得する。ターン終了時、自身の【罪証】スタック数×2のスターコインを獲得する。						
