image_file,entity_type,character_id,monster_ids,name,reader_target,status,reference_images,notes
UT_Hero_ProfilePhoto_1001.png,モンスター,,M0005,泥棒,対象外,確認済み,images/Monster/Thief_Sprite.png,
UT_Hero_ProfilePhoto_1002.png,モンスター,,M0004|M0114,海賊サメ / メカ海賊サメ,対象外,候補複数,images/Monster/Shark_Pirate_Sprite.png,正本で同じ画像を複数IDに使用。画像のみではIDを一意に決めない。
UT_Hero_ProfilePhoto_1003.png,判別不能,,,,対象外,判別不能,,海賊風の帽子をかぶった人物。正本のキャラ・モンスター画像に対応先なし。
UT_Hero_ProfilePhoto_1004.png,モンスター,,M0001,海賊王ガオー,対象外,確認済み,images/Monster/King_Gawu_Sprite.png,
UT_Hero_ProfilePhoto_1005.png,モンスター,,M0003,海賊精鋭,対象外,確認済み,images/Monster/Elite_Pirate_Sprite.png,
UT_Hero_ProfilePhoto_1007.png,モンスター,,M0012,氷刻青霊,対象外,確認済み,images/Monster/Frozen_Blue_Spirit_Sprite.png,
UT_Hero_ProfilePhoto_1008.png,モンスター,,M0011,凶暴赤霊,対象外,確認済み,images/Monster/Fever_Red_Spirit_Sprite.png,
UT_Hero_ProfilePhoto_1009.png,モンスター,,M0010,刀剣霊,対象外,確認済み,images/Monster/Sword_Spirit_Sprite.png,
UT_Hero_ProfilePhoto_101.png,キャラクター,2,,パルナン,対象,確認済み,images/character/Parunan_Main.png|images/UT_Hero_Card2/UT_Hero_Card2_101.png,
UT_Hero_ProfilePhoto_1010.png,モンスター,,M0009,長戟霊,対象外,確認済み,images/Monster/Spear_Spirit_Sprite.png,
UT_Hero_ProfilePhoto_1011.png,モンスター,,M0006,天王寺雅央,対象外,確認済み,images/Monster/Tennoji_Masao_Sprite.png,
UT_Hero_ProfilePhoto_1013.png,モンスター,,M0013|M0015,獅子舞いガオー / フュージョン！獅子舞いガオー！,対象外,候補複数,images/Monster/Lion_Gawu_Sprite.png,正本で同じ画像を複数IDに使用。画像のみではIDを一意に決めない。
UT_Hero_ProfilePhoto_1014.png,モンスター,,M0014,指揮センター,対象外,確認済み,images/Monster/Ground_Control_Sprite.png,
UT_Hero_ProfilePhoto_1015.png,モンスター,,M0018,雰囲気系ロボ,対象外,確認済み,images/Monster/Ambient_Enlivener_Robot_Sprite.png,
UT_Hero_ProfilePhoto_1016.png,モンスター,,M0016|M0017,三連爆竹ゲロゲロ / 爆竹ゲロゲロ,対象外,候補複数,images/Monster/Cracker_Croak_Sprite.png,正本で同じ画像を複数IDに使用。画像のみではIDを一意に決めない。
UT_Hero_ProfilePhoto_1017.png,モンスター,,M0019,機械蛇龍,対象外,確認済み,images/Monster/Mechanical_Snake_Dragon_Sprite.png,
UT_Hero_ProfilePhoto_1018.png,モンスター,,M0020|M0101|M0103,学院警備官,対象外,候補複数,images/Monster/Tennoji_Masao_Academy_Security_Sprite.png,正本で同じ画像を複数IDに使用。画像のみではIDを一意に決めない。
UT_Hero_ProfilePhoto_1019.png,モンスター,,M0021|M0102,学院長代理,対象外,候補複数,images/Monster/Tennoji_Masao_Academy_Sprite.png,正本で同じ画像を複数IDに使用。画像のみではIDを一意に決めない。
UT_Hero_ProfilePhoto_101_01.png,キャラクター,2,,パルナン,対象,確認済み,images/character/Parunan_Main.png|images/UT_Hero_Card2/UT_Hero_Card2_101_01.png,衣装・形態違いも同一キャラクター。
UT_Hero_ProfilePhoto_101_02.png,キャラクター,2,,パルナン,対象,確認済み,images/character/Parunan_Main.png|images/UT_Hero_Card2/UT_Hero_Card2_101_02.png,衣装・形態違いも同一キャラクター。
UT_Hero_ProfilePhoto_101_Max.png,キャラクター,2,,パルナン,対象,確認済み,images/character/Parunan_Main.png|images/UT_Hero_Card2/UT_Hero_Card2_101_Max.png,衣装・形態違いも同一キャラクター。
UT_Hero_ProfilePhoto_102.png,キャラクター,3,,ファニィ,対象,確認済み,images/character/Fanny_Main.png|images/UT_Hero_Card2/UT_Hero_Card2_102.png,
UT_Hero_ProfilePhoto_1020.png,モンスター,,M0022,ゼリーファイター,対象外,確認済み,images/Monster/Jelly_Fighter_Sprite.png,
UT_Hero_ProfilePhoto_1021.png,モンスター,,M0023,ゼリーガーディアン,対象外,確認済み,images/Monster/Jelly_Guard_Sprite.png,
UT_Hero_ProfilePhoto_1022.png,モンスター,,M0024,ゼリーウィザード,対象外,確認済み,images/Monster/Jelly_Wizard_Sprite.png,
UT_Hero_ProfilePhoto_1023.png,モンスター,,M0025,魔法のティーポット,対象外,確認済み,images/Monster/Magic_Teapot_Sprite.png,
UT_Hero_ProfilePhoto_1024.png,モンスター,,M0026,変なティーポット,対象外,確認済み,images/Monster/Mutant_Teapot_Sprite.png,
UT_Hero_ProfilePhoto_1025.png,モンスター,,M0002,サメタラシ,対象外,確認済み,images/Monster/King_Shark_Sprite.png,
UT_Hero_ProfilePhoto_1026.png,モンスター,,M0027|M0034|M0106,天川真夢梓 / 天川真夢梓（味方）,対象外,候補複数,images/Monster/Amakawa_Mamushi_Sprite.png,正本で同じ画像を複数IDに使用。画像のみではIDを一意に決めない。
UT_Hero_ProfilePhoto_1027.png,モンスター,,M0028|M0035|M0107|M0108,天川蒼鯉 / 天川蒼鯉（味方）,対象外,候補複数,images/Monster/Amakawa_Souri_Sprite.png,正本で同じ画像を複数IDに使用。画像のみではIDを一意に決めない。
UT_Hero_ProfilePhoto_1028.png,モンスター,,M0029,蟹兄い,対象外,確認済み,images/Monster/Crab_Soldier_Sprite.png,
UT_Hero_ProfilePhoto_1029.png,モンスター,,M0030,蝦兄い,対象外,確認済み,images/Monster/Prawn_Soldier_Sprite.png,
UT_Hero_ProfilePhoto_102_01.png,キャラクター,3,,ファニィ,対象,確認済み,images/character/Fanny_Main.png|images/UT_Hero_Card2/UT_Hero_Card2_102_01.png,衣装・形態違いも同一キャラクター。
UT_Hero_ProfilePhoto_102_02.png,キャラクター,3,,ファニィ,対象,確認済み,images/character/Fanny_Main.png|images/UT_Hero_Card2/UT_Hero_Card2_102_02.png,衣装・形態違いも同一キャラクター。
UT_Hero_ProfilePhoto_102_03.png,キャラクター,3,,ファニィ,対象,確認済み,images/character/Fanny_Main.png|images/UT_Hero_Card2/UT_Hero_Card2_102_03.png,衣装・形態違いも同一キャラクター。
UT_Hero_ProfilePhoto_102_04.png,キャラクター,3,,ファニィ,対象,確認済み,images/character/Fanny_Main.png|images/UT_Hero_Card2/UT_Hero_Card2_102_04.png,衣装・形態違いも同一キャラクター。
UT_Hero_ProfilePhoto_102_Max.png,キャラクター,3,,ファニィ,対象,確認済み,images/character/Fanny_Main.png|images/UT_Hero_Card2/UT_Hero_Card2_102_Max.png,衣装・形態違いも同一キャラクター。
UT_Hero_ProfilePhoto_103.png,キャラクター,4,,アランナ,対象,確認済み,images/character/Alana_Main.png|images/UT_Hero_Card2/UT_Hero_Card2_103.png,
UT_Hero_ProfilePhoto_1030.png,モンスター,,M0031,金ちゃん,対象外,確認済み,images/Monster/Golden_Fish_Sprite.png,
UT_Hero_ProfilePhoto_1031.png,モンスター,,M0032,コエデカフグ,対象外,確認済み,images/Monster/Loudmouth_Sprite.png,
UT_Hero_ProfilePhoto_1032.png,モンスター,,M0033,ムキムキフグ,対象外,確認済み,images/Monster/Martial_Trainee_Sprite.png,
UT_Hero_ProfilePhoto_1033.png,モンスター,,M0036,ドクター・マサオシュタイン,対象外,確認済み,images/Monster/Mad_Scientist_Sprite.png,
UT_Hero_ProfilePhoto_1034.png,モンスター,,M0037,さるのびっくり箱,対象外,確認済み,images/Monster/Jack-in-the-Monkey_Sprite.png,
UT_Hero_ProfilePhoto_1035.png,モンスター,,M0038,さるの助手君,対象外,確認済み,images/Monster/Buzzsaw_Monkey_Assistant_Sprite.png,
UT_Hero_ProfilePhoto_1036.png,モンスター,,M0039,ゴリフランケンちゃん,対象外,確認済み,images/Monster/Mad_Ape_Sprite.png,
UT_Hero_ProfilePhoto_1037.png,モンスター,,M0041,人工生命体―天崩,対象外,確認済み,images/Monster/Synthetic_Cataclysm_Sprite.png,
UT_Hero_ProfilePhoto_1038.png,モンスター,,M0042,人工生命体―厄兆,対象外,確認済み,images/Monster/Synthetic_Omen_Sprite.png,
UT_Hero_ProfilePhoto_1039.png,モンスター,,M0043,人工生命体―混乱,対象外,確認済み,images/Monster/Synthetic_Chaos_Sprite.png,
UT_Hero_ProfilePhoto_103_01.png,キャラクター,4,,アランナ,対象,確認済み,images/character/Alana_Main.png|images/UT_Hero_Card2/UT_Hero_Card2_103_01.png,衣装・形態違いも同一キャラクター。
UT_Hero_ProfilePhoto_103_02.png,キャラクター,4,,アランナ,対象,確認済み,images/character/Alana_Main.png|images/UT_Hero_Card2/UT_Hero_Card2_103_02.png,衣装・形態違いも同一キャラクター。
UT_Hero_ProfilePhoto_103_03.png,キャラクター,4,,アランナ,対象,確認済み,images/character/Alana_Main.png|images/UT_Hero_Card2/UT_Hero_Card2_103_03.png,衣装・形態違いも同一キャラクター。
UT_Hero_ProfilePhoto_103_Max.png,キャラクター,4,,アランナ,対象,確認済み,images/character/Alana_Main.png|images/UT_Hero_Card2/UT_Hero_Card2_103_Max.png,衣装・形態違いも同一キャラクター。
UT_Hero_ProfilePhoto_104.png,キャラクター,5,,コマチ,対象,確認済み,images/character/Komachi_Main.png|images/UT_Hero_Card2/UT_Hero_Card2_104.png,
UT_Hero_ProfilePhoto_1040.png,モンスター,,M0040,キャンディビニャータ,対象外,確認済み,images/Monster/Candy_Pinata_Sprite.png,
UT_Hero_ProfilePhoto_1041.png,モンスター,,M0008,サムライの化身-戮,対象外,確認済み,images/Monster/Martial_Spirit_-_Murder_Sprite.png,
UT_Hero_ProfilePhoto_1042.png,モンスター,,M0007,サムライの化身-怨,対象外,確認済み,images/Monster/Martial_Spirit_-_Enmity_Sprite.png,
UT_Hero_ProfilePhoto_1043.png,モンスター,,M0051,お出迎え係,対象外,確認済み,images/Monster/Receptionist_Swallow_Sprite.png,
UT_Hero_ProfilePhoto_1044.png,モンスター,,M0050,ニワトリ係,対象外,確認済み,images/Monster/Poultry_Waiter_Sprite.png,
UT_Hero_ProfilePhoto_1045.png,モンスター,,M0049,センズル係,対象外,確認済み,images/Monster/Bronze_Crane_Chalice_Sprite.png,
UT_Hero_ProfilePhoto_1046.png,モンスター,,M0048,クジャク係,対象外,確認済み,images/Monster/Bronze_Peacock_Chalice_Sprite.png,
UT_Hero_ProfilePhoto_1047.png,モンスター,,M0047,オシドリ係,対象外,確認済み,images/Monster/Bronze_Lovebird_Chalice_Sprite.png,
UT_Hero_ProfilePhoto_1048.png,モンスター,,M0045|M0046,ヒメ（孔雀） / ヒメ（鷺鷲）,対象外,候補複数,images/Monster/Fen_(Lovebird_Conscious)_Sprite.png,正本で同じ画像を複数IDに使用。画像のみではIDを一意に決めない。
UT_Hero_ProfilePhoto_104_01.png,キャラクター,5,,コマチ,対象,確認済み,images/character/Komachi_Main.png|images/UT_Hero_Card2/UT_Hero_Card2_104_01.png,衣装・形態違いも同一キャラクター。
UT_Hero_ProfilePhoto_104_02.png,キャラクター,5,,コマチ,対象,確認済み,images/character/Komachi_Main.png|images/UT_Hero_Card2/UT_Hero_Card2_104_02.png,衣装・形態違いも同一キャラクター。
UT_Hero_ProfilePhoto_104_Max.png,キャラクター,5,,コマチ,対象,確認済み,images/character/Komachi_Main.png|images/UT_Hero_Card2/UT_Hero_Card2_104_Max.png,衣装・形態違いも同一キャラクター。
UT_Hero_ProfilePhoto_105.png,キャラクター,6,,パッドマン,対象,確認済み,images/character/Padman_Main.png|images/UT_Hero_Card2/UT_Hero_Card2_105.png,
UT_Hero_ProfilePhoto_1050_01.png,判別不能,,,,対象外,判別不能,,鶏の飾りと角のある黒髪の人物。正本の対応先を確定できない。
UT_Hero_ProfilePhoto_1053.png,モンスター,,M0044,ダーク・フェニックス,対象外,確認済み,images/Monster/Rampant_Phoenix_Sprite.png,
UT_Hero_ProfilePhoto_1054.png,モンスター,,M0016,三連爆竹ゲロゲロ,対象外,確認済み,images/Monster/Cracker_Croak_Sprite.png,三つの爆竹が描かれた姿から三連爆竹ゲロゲロに対応。
UT_Hero_ProfilePhoto_1055.png,モンスター,,M0013|M0015,獅子舞いガオー / フュージョン！獅子舞いガオー！,対象外,候補複数,images/Monster/Lion_Gawu_Sprite.png,正本で同じ画像を複数IDに使用。画像のみではIDを一意に決めない。
UT_Hero_ProfilePhoto_1056.png,判別不能,,,,対象外,判別不能,,丸鋸を装備したサメ。メカ海賊サメの可能性はあるが、正本は通常サメと画像を共用しており確定できない。
UT_Hero_ProfilePhoto_1057.png,判別不能,,,,対象外,判別不能,,モニター型の機械。正本の対応先を確定できない。
UT_Hero_ProfilePhoto_1058.png,判別不能,,,,対象外,判別不能,,箱型装置と触手のある機械。正本の対応先を確定できない。
UT_Hero_ProfilePhoto_1059.png,モンスター,,M0105,トレジャーダル,対象外,確認済み,images/Monster/Treasure_Barrel_Sprite.png,
UT_Hero_ProfilePhoto_105_01.png,キャラクター,6,,パッドマン,対象,確認済み,images/character/Padman_Main.png|images/UT_Hero_Card2/UT_Hero_Card2_105_01.png,衣装・形態違いも同一キャラクター。
UT_Hero_ProfilePhoto_105_Max.png,キャラクター,6,,パッドマン,対象,確認済み,images/character/Padman_Main.png|images/UT_Hero_Card2/UT_Hero_Card2_105_Max.png,衣装・形態違いも同一キャラクター。
UT_Hero_ProfilePhoto_106.png,キャラクター,7,,パパラ,対象,確認済み,images/character/Papara_Main.png|images/UT_Hero_Card2/UT_Hero_Card2_106.png,
UT_Hero_ProfilePhoto_1061.png,モンスター,,M0104,審判長エイミー,対象外,確認済み,images/Monster/Referee_Amy_Sprite.png,
UT_Hero_ProfilePhoto_1062.png,モンスター,,M0113,メカピッチャー,対象外,確認済み,images/Monster/Mechanical_Javelin_Thrower_Sprite.png,
UT_Hero_ProfilePhoto_1063.png,モンスター,,M0112,メカウォーターバック,対象外,確認済み,images/Monster/Mechanical_Quarterback_Sprite.png,
UT_Hero_ProfilePhoto_1064.png,モンスター,,M0111,メカ監視員,対象外,確認済み,images/Monster/Mechanical_Monitor_Sprite.png,
UT_Hero_ProfilePhoto_1065.png,モンスター,,M0109,デックジャイアント ガオー,対象外,確認済み,images/Monster/High-Tech_Tycoon_Gawu_Sprite.png,
UT_Hero_ProfilePhoto_1066.png,モンスター,,M0110,マインドエアシップ,対象外,確認済み,images/Monster/Mindscape_Airship_Sprite.png,
UT_Hero_ProfilePhoto_1067.png,モンスター,,M0115|M0116,ゴクチョー【真相】 / ゴクチョー,対象外,候補複数,images/Monster/Warden_Sprite.png,正本で同じ画像を複数IDに使用。画像のみではIDを一意に決めない。
UT_Hero_ProfilePhoto_1068.png,モンスター,,M0117,看守,対象外,確認済み,images/Monster/Watcher_Sprite.png,
UT_Hero_ProfilePhoto_1069.png,モンスター,,M0118,グリーティーポット,対象外,確認済み,images/Monster/Sinful_Teapot_Sprite.png,
UT_Hero_ProfilePhoto_106_01.png,キャラクター,7,,パパラ,対象,確認済み,images/character/Papara_Main.png|images/UT_Hero_Card2/UT_Hero_Card2_106_01.png,衣装・形態違いも同一キャラクター。
UT_Hero_ProfilePhoto_106_02.png,キャラクター,7,,パパラ,対象,確認済み,images/character/Papara_Main.png|images/UT_Hero_Card2/UT_Hero_Card2_106_02.png,衣装・形態違いも同一キャラクター。
UT_Hero_ProfilePhoto_106_Max.png,キャラクター,7,,パパラ,対象,確認済み,images/character/Papara_Main.png|images/UT_Hero_Card2/UT_Hero_Card2_106_Max.png,衣装・形態違いも同一キャラクター。
UT_Hero_ProfilePhoto_107.png,キャラクター,8,,レン,対象,確認済み,images/character/Ren_Main.png|images/UT_Hero_Card2/UT_Hero_Card2_107.png,
UT_Hero_ProfilePhoto_1070.png,モンスター,,M0119,大怪盗,対象外,確認済み,images/Monster/Legendary_Thief_Sprite.png,
UT_Hero_ProfilePhoto_107_01.png,キャラクター,8,,レン,対象,確認済み,images/character/Ren_Main.png|images/UT_Hero_Card2/UT_Hero_Card2_107_01.png,衣装・形態違いも同一キャラクター。
UT_Hero_ProfilePhoto_107_02.png,キャラクター,8,,レン,対象,確認済み,images/character/Ren_Main.png|images/UT_Hero_Card2/UT_Hero_Card2_107_02.png,衣装・形態違いも同一キャラクター。
UT_Hero_ProfilePhoto_107_03.png,キャラクター,8,,レン,対象,確認済み,images/character/Ren_Main.png|images/UT_Hero_Card2/UT_Hero_Card2_107_03.png,衣装・形態違いも同一キャラクター。
UT_Hero_ProfilePhoto_107_04.png,キャラクター,8,,レン,対象,確認済み,images/character/Ren_Main.png|images/UT_Hero_Card2/UT_Hero_Card2_107_04.png,衣装・形態違いも同一キャラクター。
UT_Hero_ProfilePhoto_107_05.png,キャラクター,8,,レン,対象,確認済み,images/character/Ren_Main.png|images/UT_Hero_Card2/UT_Hero_Card2_107_05.png,衣装・形態違いも同一キャラクター。
UT_Hero_ProfilePhoto_107_Max.png,キャラクター,8,,レン,対象,確認済み,images/character/Ren_Main.png|images/UT_Hero_Card2/UT_Hero_Card2_107_Max.png,衣装・形態違いも同一キャラクター。
UT_Hero_ProfilePhoto_108.png,キャラクター,1,,ミミ,対象,確認済み,images/character/Mimi_Main.png|images/UT_Hero_Card2/UT_Hero_Card2_108.png,
UT_Hero_ProfilePhoto_108_01.png,キャラクター,1,,ミミ,対象,確認済み,images/character/Mimi_Main.png|images/UT_Hero_Card2/UT_Hero_Card2_108_01.png,衣装・形態違いも同一キャラクター。
UT_Hero_ProfilePhoto_108_02.png,キャラクター,1,,ミミ,対象,確認済み,images/character/Mimi_Main.png|images/UT_Hero_Card2/UT_Hero_Card2_108_02.png,衣装・形態違いも同一キャラクター。
UT_Hero_ProfilePhoto_108_03.png,キャラクター,1,,ミミ,対象,確認済み,images/character/Mimi_Main.png|images/UT_Hero_Card2/UT_Hero_Card2_108_03.png,衣装・形態違いも同一キャラクター。
UT_Hero_ProfilePhoto_108_04.png,キャラクター,1,,ミミ,対象,確認済み,images/character/Mimi_Main.png|images/UT_Hero_Card2/UT_Hero_Card2_108.png,衣装・形態違いも同一キャラクター。
UT_Hero_ProfilePhoto_108_Max.png,キャラクター,1,,ミミ,対象,確認済み,images/character/Mimi_Main.png|images/UT_Hero_Card2/UT_Hero_Card2_108_Max.png,衣装・形態違いも同一キャラクター。
UT_Hero_ProfilePhoto_109.png,キャラクター,9,,Z3000,対象,確認済み,images/character/Z3000_Main.png|images/UT_Hero_Card2/UT_Hero_Card2_109.png,
UT_Hero_ProfilePhoto_109_01.png,キャラクター,9,,Z3000,対象,確認済み,images/character/Z3000_Main.png|images/UT_Hero_Card2/UT_Hero_Card2_109_01.png,衣装・形態違いも同一キャラクター。
UT_Hero_ProfilePhoto_109_Max.png,キャラクター,9,,Z3000,対象,確認済み,images/character/Z3000_Main.png|images/UT_Hero_Card2/UT_Hero_Card2_109.png,衣装・形態違いも同一キャラクター。
UT_Hero_ProfilePhoto_110.png,キャラクター,10,,パンダマン,対象,確認済み,images/character/Pandaman_Main.png|images/UT_Hero_Card2/UT_Hero_Card2_110.png,
UT_Hero_ProfilePhoto_110_Max.png,キャラクター,10,,パンダマン,対象,確認済み,images/character/Pandaman_Main.png|images/UT_Hero_Card2/UT_Hero_Card2_110_Max.png,衣装・形態違いも同一キャラクター。
UT_Hero_ProfilePhoto_111.png,キャラクター,26,,スミカゲ,対象,確認済み,images/character/InkShadow_Main.png|images/UT_Hero_Card2/UT_Hero_Card2_111.png,
UT_Hero_ProfilePhoto_111_Max.png,キャラクター,26,,スミカゲ,対象,確認済み,images/character/InkShadow_Main.png|images/UT_Hero_Card2/UT_Hero_Card2_111_Max.png,衣装・形態違いも同一キャラクター。
UT_Hero_ProfilePhoto_112.png,キャラクター,11,,ルル,対象,確認済み,images/character/Lulu_Main.png|images/UT_Hero_Card2/UT_Hero_Card2_112.png,
UT_Hero_ProfilePhoto_112_01.png,キャラクター,11,,ルル,対象,確認済み,images/character/Lulu_Main.png|images/UT_Hero_Card2/UT_Hero_Card2_112_01.png,衣装・形態違いも同一キャラクター。
UT_Hero_ProfilePhoto_112_02.png,キャラクター,11,,ルル,対象,確認済み,images/character/Lulu_Main.png|images/UT_Hero_Card2/UT_Hero_Card2_112_02.png,衣装・形態違いも同一キャラクター。
UT_Hero_ProfilePhoto_112_03.png,キャラクター,11,,ルル,対象,確認済み,images/character/Lulu_Main.png|images/UT_Hero_Card2/UT_Hero_Card2_112_03.png,衣装・形態違いも同一キャラクター。
UT_Hero_ProfilePhoto_112_Max.png,キャラクター,11,,ルル,対象,確認済み,images/character/Lulu_Main.png|images/UT_Hero_Card2/UT_Hero_Card2_112_Max.png,衣装・形態違いも同一キャラクター。
UT_Hero_ProfilePhoto_113.png,キャラクター,12,,ヒメ,対象,確認済み,images/character/Fen_Main.png|images/UT_Hero_Card2/UT_Hero_Card2_113.png,
UT_Hero_ProfilePhoto_113_01.png,キャラクター,12,,ヒメ,対象,確認済み,images/character/Fen_Main.png|images/UT_Hero_Card2/UT_Hero_Card2_113_01.png,衣装・形態違いも同一キャラクター。
UT_Hero_ProfilePhoto_113_02.png,キャラクター,12,,ヒメ,対象,確認済み,images/character/Fen_Main.png|images/UT_Hero_Card2/UT_Hero_Card2_113_02.png,衣装・形態違いも同一キャラクター。
UT_Hero_ProfilePhoto_113_03.png,キャラクター,12,,ヒメ,対象,確認済み,images/character/Fen_Main.png|images/UT_Hero_Card2/UT_Hero_Card2_113_03.png,衣装・形態違いも同一キャラクター。
UT_Hero_ProfilePhoto_113_Max.png,キャラクター,12,,ヒメ,対象,確認済み,images/character/Fen_Main.png|images/UT_Hero_Card2/UT_Hero_Card2_113_Max.png,衣装・形態違いも同一キャラクター。
UT_Hero_ProfilePhoto_114.png,キャラクター,13,,カイセイ,対象,確認済み,images/character/HaiQing_Main.png|images/UT_Hero_Card2/UT_Hero_Card2_114.png,
UT_Hero_ProfilePhoto_114_01.png,キャラクター,13,,カイセイ,対象,確認済み,images/character/HaiQing_Main.png|images/UT_Hero_Card2/UT_Hero_Card2_114_01.png,衣装・形態違いも同一キャラクター。
UT_Hero_ProfilePhoto_114_02.png,キャラクター,13,,カイセイ,対象,確認済み,images/character/HaiQing_Main.png|images/UT_Hero_Card2/UT_Hero_Card2_114_02.png,衣装・形態違いも同一キャラクター。
UT_Hero_ProfilePhoto_114_03.png,キャラクター,13,,カイセイ,対象,確認済み,images/character/HaiQing_Main.png|images/UT_Hero_Card2/UT_Hero_Card2_114_03.png,衣装・形態違いも同一キャラクター。
UT_Hero_ProfilePhoto_114_04.png,キャラクター,13,,カイセイ,対象,確認済み,images/character/HaiQing_Main.png|images/UT_Hero_Card2/UT_Hero_Card2_114_04.png,衣装・形態違いも同一キャラクター。
UT_Hero_ProfilePhoto_114_Max.png,キャラクター,13,,カイセイ,対象,確認済み,images/character/HaiQing_Main.png|images/UT_Hero_Card2/UT_Hero_Card2_114_Max.png,衣装・形態違いも同一キャラクター。
UT_Hero_ProfilePhoto_115.png,キャラクター,14,,ミサキ,対象,確認済み,images/character/Misaki_Main.png|images/UT_Hero_Card2/UT_Hero_Card2_115.png,
UT_Hero_ProfilePhoto_115_01.png,キャラクター,14,,ミサキ,対象,確認済み,images/character/Misaki_Main.png|images/UT_Hero_Card2/UT_Hero_Card2_115_01.png,衣装・形態違いも同一キャラクター。
UT_Hero_ProfilePhoto_115_02.png,キャラクター,14,,ミサキ,対象,確認済み,images/character/Misaki_Main.png|images/UT_Hero_Card2/UT_Hero_Card2_115_02.png,衣装・形態違いも同一キャラクター。
UT_Hero_ProfilePhoto_115_03.png,キャラクター,14,,ミサキ,対象,確認済み,images/character/Misaki_Main.png|images/UT_Hero_Card2/UT_Hero_Card2_115_03.png,衣装・形態違いも同一キャラクター。
UT_Hero_ProfilePhoto_115_04.png,キャラクター,14,,ミサキ,対象,確認済み,images/character/Misaki_Main.png|images/UT_Hero_Card2/UT_Hero_Card2_115_04.png,衣装・形態違いも同一キャラクター。
UT_Hero_ProfilePhoto_115_Max.png,キャラクター,14,,ミサキ,対象,確認済み,images/character/Misaki_Main.png|images/UT_Hero_Card2/UT_Hero_Card2_115_Max.png,衣装・形態違いも同一キャラクター。
UT_Hero_ProfilePhoto_116.png,キャラクター,15,,ナーディス,対象,確認済み,images/character/Nardis_Main.png|images/UT_Hero_Card2/UT_Hero_Card2_116.png,
UT_Hero_ProfilePhoto_116_01.png,キャラクター,15,,ナーディス,対象,確認済み,images/character/Nardis_Main.png|images/UT_Hero_Card2/UT_Hero_Card2_116_01.png,衣装・形態違いも同一キャラクター。
UT_Hero_ProfilePhoto_116_02.png,キャラクター,15,,ナーディス,対象,確認済み,images/character/Nardis_Main.png|images/UT_Hero_Card2/UT_Hero_Card2_116_02.png,衣装・形態違いも同一キャラクター。
UT_Hero_ProfilePhoto_116_Max.png,キャラクター,15,,ナーディス,対象,確認済み,images/character/Nardis_Main.png|images/UT_Hero_Card2/UT_Hero_Card2_116_Max.png,衣装・形態違いも同一キャラクター。
UT_Hero_ProfilePhoto_117.png,キャラクター,16,,ジャスミン,対象,確認済み,images/character/Jasmine_Main.png|images/UT_Hero_Card2/UT_Hero_Card2_117.png,
UT_Hero_ProfilePhoto_117_01.png,キャラクター,16,,ジャスミン,対象,確認済み,images/character/Jasmine_Main.png|images/UT_Hero_Card2/UT_Hero_Card2_117_01.png,衣装・形態違いも同一キャラクター。
UT_Hero_ProfilePhoto_117_02.png,キャラクター,16,,ジャスミン,対象,確認済み,images/character/Jasmine_Main.png|images/UT_Hero_Card2/UT_Hero_Card2_117_02.png,衣装・形態違いも同一キャラクター。
UT_Hero_ProfilePhoto_117_03.png,キャラクター,16,,ジャスミン,対象,確認済み,images/character/Jasmine_Main.png|images/UT_Hero_Card2/UT_Hero_Card2_117_03.png,衣装・形態違いも同一キャラクター。
UT_Hero_ProfilePhoto_117_Max.png,キャラクター,16,,ジャスミン,対象,確認済み,images/character/Jasmine_Main.png|images/UT_Hero_Card2/UT_Hero_Card2_117_Max.png,衣装・形態違いも同一キャラクター。
UT_Hero_ProfilePhoto_118.png,キャラクター,21,,アル,対象,確認済み,images/character/A.L._Main.png|images/UT_Hero_Card2/UT_Hero_Card2_118.png,
UT_Hero_ProfilePhoto_118_01.png,キャラクター,21,,アル,対象,確認済み,images/character/A.L._Main.png|images/UT_Hero_Card2/UT_Hero_Card2_118_01.png,衣装・形態違いも同一キャラクター。
UT_Hero_ProfilePhoto_118_Max.png,キャラクター,21,,アル,対象,確認済み,images/character/A.L._Main.png|images/UT_Hero_Card2/UT_Hero_Card2_118_Max.png,衣装・形態違いも同一キャラクター。
UT_Hero_ProfilePhoto_119.png,キャラクター,17,,ルカ,対象,確認済み,images/character/Luka_Main.png|images/UT_Hero_Card2/UT_Hero_Card2_119.png,
UT_Hero_ProfilePhoto_119_01.png,キャラクター,17,,ルカ,対象,確認済み,images/character/Luka_Main.png|images/UT_Hero_Card2/UT_Hero_Card2_119_01.png,衣装・形態違いも同一キャラクター。
UT_Hero_ProfilePhoto_119_02.png,キャラクター,17,,ルカ,対象,確認済み,images/character/Luka_Main.png|images/UT_Hero_Card2/UT_Hero_Card2_119_02.png,衣装・形態違いも同一キャラクター。
UT_Hero_ProfilePhoto_119_Max.png,キャラクター,17,,ルカ,対象,確認済み,images/character/Luka_Main.png|images/UT_Hero_Card2/UT_Hero_Card2_119_Max.png,衣装・形態違いも同一キャラクター。
UT_Hero_ProfilePhoto_120.png,キャラクター,18,,ナンシーロー,対象,確認済み,images/character/Nancy_Lu_Main.png|images/UT_Hero_Card2/UT_Hero_Card2_120.png,
UT_Hero_ProfilePhoto_120_01.png,キャラクター,18,,ナンシーロー,対象,確認済み,images/character/Nancy_Lu_Main.png|images/UT_Hero_Card2/UT_Hero_Card2_120_01.png,衣装・形態違いも同一キャラクター。
UT_Hero_ProfilePhoto_120_02.png,キャラクター,18,,ナンシーロー,対象,確認済み,images/character/Nancy_Lu_Main.png|images/UT_Hero_Card2/UT_Hero_Card2_120_02.png,衣装・形態違いも同一キャラクター。
UT_Hero_ProfilePhoto_120_03.png,キャラクター,18,,ナンシーロー,対象,確認済み,images/character/Nancy_Lu_Main.png|images/UT_Hero_Card2/UT_Hero_Card2_120_03.png,衣装・形態違いも同一キャラクター。
UT_Hero_ProfilePhoto_120_04.png,キャラクター,18,,ナンシーロー,対象,確認済み,images/character/Nancy_Lu_Main.png|images/UT_Hero_Card2/UT_Hero_Card2_120.png,衣装・形態違いも同一キャラクター。
UT_Hero_ProfilePhoto_120_Max.png,キャラクター,18,,ナンシーロー,対象,確認済み,images/character/Nancy_Lu_Main.png|images/UT_Hero_Card2/UT_Hero_Card2_120_Max.png,衣装・形態違いも同一キャラクター。
UT_Hero_ProfilePhoto_121.png,キャラクター,22,,リン,対象,確認済み,images/character/Rin_Main.png|images/UT_Hero_Card2/UT_Hero_Card2_121.png,
UT_Hero_ProfilePhoto_121_01.png,キャラクター,22,,リン,対象,確認済み,images/character/Rin_Main.png|images/UT_Hero_Card2/UT_Hero_Card2_121_01.png,衣装・形態違いも同一キャラクター。
UT_Hero_ProfilePhoto_121_02.png,キャラクター,22,,リン,対象,確認済み,images/character/Rin_Main.png|images/UT_Hero_Card2/UT_Hero_Card2_121_02.png,衣装・形態違いも同一キャラクター。
UT_Hero_ProfilePhoto_121_03.png,キャラクター,22,,リン,対象,確認済み,images/character/Rin_Main.png|images/UT_Hero_Card2/UT_Hero_Card2_121_03.png,衣装・形態違いも同一キャラクター。
UT_Hero_ProfilePhoto_121_Max.png,キャラクター,22,,リン,対象,確認済み,images/character/Rin_Main.png|images/UT_Hero_Card2/UT_Hero_Card2_121_Max.png,衣装・形態違いも同一キャラクター。
UT_Hero_ProfilePhoto_122.png,キャラクター,19,,メガス,対象,確認済み,images/character/Megas_Main.png|images/UT_Hero_Card2/UT_Hero_Card2_122.png,
UT_Hero_ProfilePhoto_122_01.png,キャラクター,19,,メガス,対象,確認済み,images/character/Megas_Main.png|images/UT_Hero_Card2/UT_Hero_Card2_122_01.png,衣装・形態違いも同一キャラクター。
UT_Hero_ProfilePhoto_122_02.png,キャラクター,19,,メガス,対象,確認済み,images/character/Megas_Main.png|images/UT_Hero_Card2/UT_Hero_Card2_122_02.png,衣装・形態違いも同一キャラクター。
UT_Hero_ProfilePhoto_122_Max.png,キャラクター,19,,メガス,対象,確認済み,images/character/Megas_Main.png|images/UT_Hero_Card2/UT_Hero_Card2_122_Max.png,衣装・形態違いも同一キャラクター。
UT_Hero_ProfilePhoto_123.png,キャラクター,20,,ユメ,対象,確認済み,images/character/Zhao_Main.png|images/UT_Hero_Card2/UT_Hero_Card2_123.png,
UT_Hero_ProfilePhoto_123_01.png,キャラクター,20,,ユメ,対象,確認済み,images/character/Zhao_Main.png|images/UT_Hero_Card2/UT_Hero_Card2_123_01.png,衣装・形態違いも同一キャラクター。
UT_Hero_ProfilePhoto_123_02.png,キャラクター,20,,ユメ,対象,確認済み,images/character/Zhao_Main.png|images/UT_Hero_Card2/UT_Hero_Card2_123_02.png,衣装・形態違いも同一キャラクター。
UT_Hero_ProfilePhoto_123_Max.png,キャラクター,20,,ユメ,対象,確認済み,images/character/Zhao_Main.png|images/UT_Hero_Card2/UT_Hero_Card2_123_Max.png,衣装・形態違いも同一キャラクター。
UT_Hero_ProfilePhoto_124.png,キャラクター,23,,テル,対象,確認済み,images/character/Teru_Main.png|images/UT_Hero_Card2/UT_Hero_Card2_124.png,
UT_Hero_ProfilePhoto_124_01.png,キャラクター,23,,テル,対象,確認済み,images/character/Teru_Main.png|images/UT_Hero_Card2/UT_Hero_Card2_124_01.png,衣装・形態違いも同一キャラクター。
UT_Hero_ProfilePhoto_124_02.png,キャラクター,23,,テル,対象,確認済み,images/character/Teru_Main.png|images/UT_Hero_Card2/UT_Hero_Card2_124_02.png,衣装・形態違いも同一キャラクター。
UT_Hero_ProfilePhoto_124_Max.png,キャラクター,23,,テル,対象,確認済み,images/character/Teru_Main.png|images/UT_Hero_Card2/UT_Hero_Card2_124_Max.png,衣装・形態違いも同一キャラクター。
UT_Hero_ProfilePhoto_125.png,キャラクター,24,,モーゼス,対象,確認済み,images/character/Moses_Main.png|images/UT_Hero_Card2/UT_Hero_Card2_125.png,
UT_Hero_ProfilePhoto_125_01.png,キャラクター,24,,モーゼス,対象,確認済み,images/character/Moses_Main.png|images/UT_Hero_Card2/UT_Hero_Card2_125_01.png,衣装・形態違いも同一キャラクター。
UT_Hero_ProfilePhoto_125_Max.png,キャラクター,24,,モーゼス,対象,確認済み,images/character/Moses_Main.png|images/UT_Hero_Card2/UT_Hero_Card2_125_Max.png,衣装・形態違いも同一キャラクター。
UT_Hero_ProfilePhoto_126.png,キャラクター,25,,真夢梓,対象,確認済み,images/character/Mamushi_Main.png|images/UT_Hero_Card2/UT_Hero_Card2_126.png,
UT_Hero_ProfilePhoto_126_01.png,キャラクター,25,,真夢梓,対象,確認済み,images/character/Mamushi_Main.png|images/UT_Hero_Card2/UT_Hero_Card2_126_01.png,衣装・形態違いも同一キャラクター。
UT_Hero_ProfilePhoto_126_Max.png,キャラクター,25,,真夢梓,対象,確認済み,images/character/Mamushi_Main.png|images/UT_Hero_Card2/UT_Hero_Card2_126_Max.png,衣装・形態違いも同一キャラクター。
UT_Hero_ProfilePhoto_127.png,キャラクター,27,,ボニー,対象,確認済み,images/character/Bonnie_Main.png|images/UT_Hero_Card2/UT_Hero_Card2_127.png,
UT_Hero_ProfilePhoto_127_01.png,キャラクター,27,,ボニー,対象,確認済み,images/character/Bonnie_Main.png|images/UT_Hero_Card2/UT_Hero_Card2_127_01.png,衣装・形態違いも同一キャラクター。
UT_Hero_ProfilePhoto_127_02.png,キャラクター,27,,ボニー,対象,確認済み,images/character/Bonnie_Main.png|images/UT_Hero_Card2/UT_Hero_Card2_127.png,衣装・形態違いも同一キャラクター。
UT_Hero_ProfilePhoto_127_Max.png,キャラクター,27,,ボニー,対象,確認済み,images/character/Bonnie_Main.png|images/UT_Hero_Card2/UT_Hero_Card2_127_Max.png,衣装・形態違いも同一キャラクター。
UT_Hero_ProfilePhoto_128.png,キャラクター,28,,リンリン,対象,確認済み,images/character/LingLing_Main.png|images/UT_Hero_Card2/UT_Hero_Card2_128.png,
UT_Hero_ProfilePhoto_128_01.png,キャラクター,28,,リンリン,対象,確認済み,images/character/LingLing_Main.png|images/UT_Hero_Card2/UT_Hero_Card2_128.png,衣装・形態違いも同一キャラクター。
UT_Hero_ProfilePhoto_128_Max.png,キャラクター,28,,リンリン,対象,確認済み,images/character/LingLing_Main.png|images/UT_Hero_Card2/UT_Hero_Card2_128_Max.png,衣装・形態違いも同一キャラクター。
UT_Hero_ProfilePhoto_129.png,キャラクター,29,,サイクス,対象,確認済み,images/character/Sykes_Main.png|images/UT_Hero_Card2/UT_Hero_Card2_129.png,
UT_Hero_ProfilePhoto_129_Max.png,キャラクター,29,,サイクス,対象,確認済み,images/character/Sykes_Main.png|images/UT_Hero_Card2/UT_Hero_Card2_129_Max.png,衣装・形態違いも同一キャラクター。
UT_Hero_ProfilePhoto_301.png,キャラクター,101,,超てんちゃん,対象,確認済み,images/character/KAngel_Main.png|images/UT_Hero_Card2/UT_Hero_Card2_301.png,
UT_Hero_ProfilePhoto_301_01.png,キャラクター,101,,超てんちゃん,対象,確認済み,images/character/KAngel_Main.png|images/UT_Hero_Card2/UT_Hero_Card2_301_01.png,衣装・形態違いも同一キャラクター。
UT_Hero_ProfilePhoto_302.png,キャラクター,102,,あめちゃん,対象,確認済み,images/character/Ame_Main.png|images/UT_Hero_Card2/UT_Hero_Card2_302.png,
UT_Hero_ProfilePhoto_302_01.png,キャラクター,102,,あめちゃん,対象,確認済み,images/character/Ame_Main.png|images/UT_Hero_Card2/UT_Hero_Card2_302_01.png,衣装・形態違いも同一キャラクター。
UT_Hero_ProfilePhoto_303.png,キャラクター,103,,ジル,対象,確認済み,images/character/Jill_Main.png|images/UT_Hero_Card2/UT_Hero_Card2_303.png,
UT_Hero_ProfilePhoto_304.png,キャラクター,104,,ドロシー,対象,確認済み,images/character/Dorothy_Main.png|images/UT_Hero_Card2/UT_Hero_Card2_304.png,
UT_Hero_ProfilePhoto_305.png,キャラクター,105,,遠野ハンナ,対象,確認済み,images/character/Hanna_Main.png|images/UT_Hero_Card2/UT_Hero_Card2_305.png,
UT_Hero_ProfilePhoto_306.png,キャラクター,106,,橘シェリー,対象,確認済み,images/character/Sherry_Main.png|images/UT_Hero_Card2/UT_Hero_Card2_306.png,
