group,effect_key,input_kind,icon_file
スタック,コイン,number,スターライト.png
スタック,マーク,number,マーク.png
スタック,ヒール,number,ヒール.png
スタック,チャージ,number,チャージ.png
スタック,改造,number,改造.png
スタック,ジェントル・フレイム,number,ジェントル・フレイム.png
スタック,反撃,number,Reflect.png
スタック,マインド,number,chip_icon/201_スタンガン.png
スタック,罪証,number,罪証.png
所持数,スターコイン,number,Coin.png
蓄積ボーナス,優雅の羽ボーナス,number,chip_icon/021_優雅の羽.png
蓄積ボーナス,ギガントアンカーボーナス,number,chip_icon/101_ギガントアンカー.png
蓄積ボーナス,呪いの剣ボーナス,number,chip_icon/111_呪いの剣.png
蓄積ボーナス,反撃による永続ボーナス,number,Reflect.png
蓄積ボーナス,鴛鴦連理解除ボーナス,number,鴛鴦連理.png
蓄積ボーナス,マインド増加ボーナス,number,chip_icon/207_原初の意識.png
蓄積ボーナス,マインド減少ボーナス,number,chip_icon/207_原初の意識.png
追加素材,真犯人,未設定,真犯人.png
追加素材,逆鱗,未設定,逆鱗.png
追加素材,金鱗,未設定,金鱗.png
追加素材,孔雀の羽ばたき,未設定,孔雀の羽ばたき.png
追加素材,深層改造,未設定,深層改造.png
追加素材,戦の呪い,未設定,戦の呪い.png
追加素材,勇往邁進,未設定,勇往邁進.png
