id,hero_card_img
1,UT_Hero_Card2_108.png
2,UT_Hero_Card2_101.png
3,UT_Hero_Card2_102.png
4,UT_Hero_Card2_103.png
5,UT_Hero_Card2_104.png
6,UT_Hero_Card2_105.png
7,UT_Hero_Card2_106.png
8,UT_Hero_Card2_107.png
9,UT_Hero_Card2_109.png
10,UT_Hero_Card2_110.png
11,UT_Hero_Card2_112.png
12,UT_Hero_Card2_113.png
13,UT_Hero_Card2_114.png
14,UT_Hero_Card2_115.png
15,UT_Hero_Card2_116.png
16,UT_Hero_Card2_117.png
17,UT_Hero_Card2_119.png
18,UT_Hero_Card2_120.png
19,UT_Hero_Card2_122.png
20,UT_Hero_Card2_123.png
21,UT_Hero_Card2_118.png
22,UT_Hero_Card2_121.png
23,UT_Hero_Card2_124.png
24,UT_Hero_Card2_125.png
25,UT_Hero_Card2_126.png
26,UT_Hero_Card2_111.png
27,UT_Hero_Card2_127.png
28,UT_Hero_Card2_128.png
29,UT_Hero_Card2_129.png
101,UT_Hero_Card2_301.png
102,UT_Hero_Card2_302.png
103,UT_Hero_Card2_303.png
104,UT_Hero_Card2_304.png
105,UT_Hero_Card2_305.png
106,UT_Hero_Card2_306.png
